date,platform,account,campaign_raw,campaign_key,campaign_normalized,campaign_objective,sub_entity_type,sub_entity_name,insertion_order,impressions,clicks,spend_original,currency,fx_rate_to_usd,spend_usd,conversions_raw,conversions,conversion_handling,is_lead_comparable,data_quality_flag,source_file
2026-04-01,DV360,Automotriz_GT,Awareness Marca,awareness_marca,Awareness Marca,Awareness,line_item,LI - Mobile Display,IO Display Q2,120108,1060,4311.19,GTQ,7.8,552.7166666666666,,0.0,missing_treated_as_zero,False,missing_conversions_treated_as_zero,dv360_v2 (2).xlsx
2026-04-01,DV360,Automotriz_GT,Prog. Lead,prog_lead,Programmatic Lead,Lead generation,line_item,LI - Gmail,IO Leads Q2,222234,1061,2913.56,GTQ,7.8,373.53333333333336,,0.0,missing_treated_as_zero,True,missing_conversions_treated_as_zero,dv360_v2 (2).xlsx
2026-04-01,DV360,Automotriz_GT,video_reach,video_reach,Video Reach,Awareness / reach,line_item,LI - Bumper,IO_Video_Aware,52582,126,5477.5,GTQ,7.8,702.2435897435897,,0.0,missing_treated_as_zero,False,missing_conversions_treated_as_zero,dv360_v2 (2).xlsx
2026-04-01,TikTok,Cliente_Autos,brand_hashtag,brand_hashtag,Brand Hashtag,Awareness / engagement,adgroup,Challenge Org,,59668,731,422.57,USD,1.0,422.57,8.0,8.0,reported_value,False,,tiktok_ads_v2 (2).xlsx
2026-04-01,TikTok,Cliente_Autos,LEADS AUTOS Q2,leads_autos_q2,Leads Autos Q2,Lead generation,adgroup,tiktok_feed_18_35,,85119,1681,306.06,USD,1.0,306.06,14.0,14.0,reported_value,True,,tiktok_ads_v2 (2).xlsx
2026-04-01,TikTok,Cliente_Autos,retargeting sitio,retargeting_sitio,Retargeting Sitio,Retargeting / lead generation,adgroup,Engagement Retg,,147430,3097,139.89,USD,1.0,139.89,23.0,23.0,reported_value,True,,tiktok_ads_v2 (2).xlsx
2026-04-01,TikTok,Cliente_Autos,spark_awareness,spark_awareness,Spark Awareness,Awareness / engagement,adgroup,TopFeed CPM,,129486,2339,147.71,USD,1.0,147.71,7.0,7.0,reported_value,False,,tiktok_ads_v2 (2).xlsx
2026-04-02,DV360,Automotriz_GT,Awareness-Marca,awareness_marca,Awareness Marca,Awareness,line_item,LI_Desktop,IO Display Q2,242151,837,5480.65,GTQ,7.8,702.6474358974359,,0.0,missing_treated_as_zero,False,missing_conversions_treated_as_zero,dv360_v2 (2).xlsx
2026-04-02,DV360,Automotriz_GT,Programmatic Lead,programmatic_lead,Programmatic Lead,Lead generation,line_item,LI - Display Lead,IO - Leads Performance,301265,37,1081.59,GTQ,7.8,138.6653846153846,,0.0,missing_treated_as_zero,True,missing_conversions_treated_as_zero,dv360_v2 (2).xlsx
2026-04-02,DV360,Automotriz_GT,Video Reach,video_reach,Video Reach,Awareness / reach,line_item,LI_YT_15s,IO Video Q2,176753,698,847.93,GTQ,7.8,108.70897435897436,3.0,3.0,reported_value,False,,dv360_v2 (2).xlsx
2026-04-02,Meta,Cliente_Autos,awareness_marca,awareness_marca,Awareness Marca,Awareness,adset,Broad 18-35,,34221,1250,511.04,USD,1.0,511.04,5.0,5.0,reported_value,False,,meta_ads_v2 (2).xlsx
2026-04-02,Meta,Cliente_Autos,lead_concesionario,lead_concesionario,Lead Concesionario,Lead generation,adset,Geo Ciudad,,101647,1994,227.27,USD,1.0,227.27,24.0,24.0,reported_value,True,,meta_ads_v2 (2).xlsx
2026-04-02,Meta,Cliente_Autos,Leads-Autos-Q2,leads_autos_q2,Leads Autos Q2,Lead generation,adset,LAL Compradores,,17395,418,2798.26,USD,1.0,2798.26,5.0,5.0,reported_value,True,,meta_ads_v2 (2).xlsx
2026-04-02,Meta,Cliente_Autos,retargeting_sitio,retargeting_sitio,Retargeting Sitio,Retargeting / lead generation,adset,Visita 30d,,60987,701,849.62,USD,1.0,849.62,0.0,0.0,reported_value,True,,meta_ads_v2 (2).xlsx
2026-04-02,TikTok,Cliente_Autos,Brand Hashtag,brand_hashtag,Brand Hashtag,Awareness / engagement,adgroup,Influencer Pack,,72434,383,252.21,USD,1.0,252.21,3.0,3.0,reported_value,False,,tiktok_ads_v2 (2).xlsx
2026-04-02,TikTok,Cliente_Autos,LEADS AUTOS Q2,leads_autos_q2,Leads Autos Q2,Lead generation,adgroup,tiktok_feed_18_35,,157089,2055,496.78,USD,1.0,496.78,23.0,23.0,reported_value,True,,tiktok_ads_v2 (2).xlsx
2026-04-02,TikTok,Cliente_Autos,Retargeting Sitio,retargeting_sitio,Retargeting Sitio,Retargeting / lead generation,adgroup,LAL Pixel 1%,,205620,2508,810.81,USD,1.0,810.81,24.0,24.0,reported_value,True,,tiktok_ads_v2 (2).xlsx
2026-04-02,TikTok,Cliente_Autos,Spark-Awareness,spark_awareness,Spark Awareness,Awareness / engagement,adgroup,spark_boosted,,71633,706,367.38,USD,1.0,367.38,22.0,22.0,reported_value,False,,tiktok_ads_v2 (2).xlsx
2026-04-03,DV360,Automotriz_GT,Awareness-Marca,awareness_marca,Awareness Marca,Awareness,line_item,LI_Desktop,IO-Display-Branding,62788,287,5400.66,GTQ,7.8,692.3923076923077,,0.0,missing_treated_as_zero,False,missing_conversions_treated_as_zero,dv360_v2 (2).xlsx
2026-04-03,DV360,Automotriz_GT,Prog. Lead,prog_lead,Programmatic Lead,Lead generation,line_item,LI - Gmail,IO_Leads_Perf,243991,879,3311.2,GTQ,7.8,424.5128205128205,,0.0,missing_treated_as_zero,True,missing_conversions_treated_as_zero,dv360_v2 (2).xlsx
2026-04-03,DV360,Automotriz_GT,Video-Reach,video_reach,Video Reach,Awareness / reach,line_item,LI - YouTube 30s,IO_Video_Aware,253962,2184,2308.56,GTQ,7.8,295.96923076923076,,0.0,missing_treated_as_zero,False,missing_conversions_treated_as_zero,dv360_v2 (2).xlsx
2026-04-03,Meta,Cliente_Autos,Awareness-Marca,awareness_marca,Awareness Marca,Awareness,adset,Mujeres 25-45,,85840,2196,775.75,USD,1.0,775.75,15.0,15.0,reported_value,False,,meta_ads_v2 (2).xlsx
2026-04-03,Meta,Cliente_Autos,Lead Concesionario,lead_concesionario,Lead Concesionario,Lead generation,adset,radio_30km,,34785,7578,1189.42,USD,1.0,1189.42,3.0,3.0,reported_value,True,,meta_ads_v2 (2).xlsx
2026-04-03,Meta,Cliente_Autos,leads_autos_q2,leads_autos_q2,Leads Autos Q2,Lead generation,adset,Intereses Autos,,98349,625,946.09,USD,1.0,946.09,18.0,18.0,reported_value,True,,meta_ads_v2 (2).xlsx
2026-04-03,Meta,Cliente_Autos,Retargeting-Sitio,retargeting_sitio,Retargeting Sitio,Retargeting / lead generation,adset,Visita 7d,,65429,1675,548.88,USD,1.0,548.88,23.0,23.0,reported_value,True,,meta_ads_v2 (2).xlsx
2026-04-03,TikTok,Cliente_Autos,brand_hashtag,brand_hashtag,Brand Hashtag,Awareness / engagement,adgroup,Brand Effect,,127466,1207,1063.77,USD,1.0,1063.77,8.0,8.0,reported_value,False,,tiktok_ads_v2 (2).xlsx
2026-04-03,TikTok,Cliente_Autos,LEADS AUTOS Q2,leads_autos_q2,Leads Autos Q2,Lead generation,adgroup,TopView Lead,,194823,4079,719.76,USD,1.0,719.76,24.0,24.0,reported_value,True,,tiktok_ads_v2 (2).xlsx
2026-04-03,TikTok,Cliente_Autos,Retargeting Sitio,retargeting_sitio,Retargeting Sitio,Retargeting / lead generation,adgroup,Pixel 14d,,31420,438,770.77,USD,1.0,770.77,4.0,4.0,reported_value,True,,tiktok_ads_v2 (2).xlsx
2026-04-03,TikTok,Cliente_Autos,spark_awareness,spark_awareness,Spark Awareness,Awareness / engagement,adgroup,spark_boosted,,158295,2774,686.63,USD,1.0,686.63,25.0,25.0,reported_value,False,,tiktok_ads_v2 (2).xlsx
2026-04-04,TikTok,Cliente_Autos,Brand-Hashtag,brand_hashtag,Brand Hashtag,Awareness / engagement,adgroup,Brand Effect,,81375,1265,214.91,USD,1.0,214.91,5.0,5.0,reported_value,False,,tiktok_ads_v2 (2).xlsx
2026-04-04,TikTok,Cliente_Autos,leads-autos-q2,leads_autos_q2,Leads Autos Q2,Lead generation,adgroup,Spark Ads Lead,,166278,3626,1476.07,USD,1.0,1476.07,0.0,0.0,reported_value,True,,tiktok_ads_v2 (2).xlsx
2026-04-04,TikTok,Cliente_Autos,retargeting sitio,retargeting_sitio,Retargeting Sitio,Retargeting / lead generation,adgroup,pixel_audience_7d,,88351,319,352.51,USD,1.0,352.51,9.0,9.0,reported_value,True,,tiktok_ads_v2 (2).xlsx
2026-04-04,TikTok,Cliente_Autos,Spark Awareness,spark_awareness,Spark Awareness,Awareness / engagement,adgroup,spark_boosted,,123447,639,286.05,USD,1.0,286.05,4.0,4.0,reported_value,False,,tiktok_ads_v2 (2).xlsx
2026-04-05,DV360,Automotriz_GT,awareness_marca,awareness_marca,Awareness Marca,Awareness,line_item,LI - Mobile Display,IO-Display-Branding,199623,1599,1273.55,GTQ,7.8,163.27564102564102,3.0,3.0,reported_value,False,,dv360_v2 (2).xlsx
2026-04-05,DV360,Automotriz_GT,Programmatic Lead,programmatic_lead,Programmatic Lead,Lead generation,line_item,LI_Gmail,IO - Leads Performance,148872,286,2387.0,GTQ,7.8,306.02564102564105,,0.0,missing_treated_as_zero,True,missing_conversions_treated_as_zero,dv360_v2 (2).xlsx
2026-04-05,DV360,Automotriz_GT,video_reach,video_reach,Video Reach,Awareness / reach,line_item,LI_YT_15s,IO Video Q2,268245,2089,5511.24,GTQ,7.8,706.5692307692308,5.0,5.0,reported_value,False,,dv360_v2 (2).xlsx
2026-04-05,Meta,Cliente_Autos,Awareness Marca,awareness_marca,Awareness Marca,Awareness,adset,CPM Optim,,17915,532,1213.88,USD,1.0,1213.88,9.0,9.0,reported_value,False,,meta_ads_v2 (2).xlsx
2026-04-05,Meta,Cliente_Autos,Lead-Concesionario,lead_concesionario,Lead Concesionario,Lead generation,adset,radio_30km,,56019,1359,3581.08,USD,1.0,3581.08,16.0,16.0,reported_value,True,,meta_ads_v2 (2).xlsx
2026-04-05,Meta,Cliente_Autos,Leads-Autos-Q2,leads_autos_q2,Leads Autos Q2,Lead generation,adset,LAL Compradores,,33869,711,375.88,USD,1.0,375.88,41.0,41.0,reported_value,True,duplicate_natural_grain,meta_ads_v2 (2).xlsx
2026-04-05,Meta,Cliente_Autos,Leads-Autos-Q2,leads_autos_q2,Leads Autos Q2,Lead generation,adset,LAL Compradores,,33869,890,590.15,USD,1.0,590.15,41.0,41.0,reported_value,True,duplicate_natural_grain,meta_ads_v2 (2).xlsx
2026-04-05,Meta,Cliente_Autos,Retargeting-Sitio,retargeting_sitio,Retargeting Sitio,Retargeting / lead generation,adset,visita_7d,,40438,1188,634.1,USD,1.0,634.1,37.0,37.0,reported_value,True,,meta_ads_v2 (2).xlsx
2026-04-06,DV360,Automotriz_GT,Awareness-Marca,awareness_marca,Awareness Marca,Awareness,line_item,LI - Tablet,IO - Display Branding,104145,516,3707.31,GTQ,7.8,475.29615384615386,1.0,1.0,reported_value,False,,dv360_v2 (2).xlsx
2026-04-06,DV360,Automotriz_GT,Programmatic Lead,programmatic_lead,Programmatic Lead,Lead generation,line_item,LI_Gmail,IO Leads Q2,267086,1353,1152.72,GTQ,7.8,147.7846153846154,,0.0,missing_treated_as_zero,True,missing_conversions_treated_as_zero,dv360_v2 (2).xlsx
2026-04-06,DV360,Automotriz_GT,Video-Reach,video_reach,Video Reach,Awareness / reach,line_item,LI_YT_15s,IO - Video Awareness,267594,1665,6716.24,GTQ,7.8,861.0564102564102,,0.0,missing_treated_as_zero,False,missing_conversions_treated_as_zero,dv360_v2 (2).xlsx
2026-04-06,Meta,Cliente_Autos,awareness_marca,awareness_marca,Awareness Marca,Awareness,adset,broad_18_35,,76697,2793,1296.06,USD,1.0,1296.06,0.0,0.0,reported_value,False,,meta_ads_v2 (2).xlsx
2026-04-06,Meta,Cliente_Autos,Lead-Concesionario,lead_concesionario,Lead Concesionario,Lead generation,adset,Geo Ciudad,,37385,223,1236.53,USD,1.0,1236.53,5.0,5.0,reported_value,True,,meta_ads_v2 (2).xlsx
2026-04-06,Meta,Cliente_Autos,Leads-Autos-Q2,leads_autos_q2,Leads Autos Q2,Lead generation,adset,Lookalike 1%,,106741,28462,209.48,USD,1.0,209.48,27.0,27.0,reported_value,True,,meta_ads_v2 (2).xlsx
2026-04-06,Meta,Cliente_Autos,retargeting_sitio,retargeting_sitio,Retargeting Sitio,Retargeting / lead generation,adset,Visita 30d,,72542,2541,1226.49,USD,1.0,1226.49,19.0,19.0,reported_value,True,,meta_ads_v2 (2).xlsx
2026-04-06,TikTok,Cliente_Autos,Brand Hashtag,brand_hashtag,Brand Hashtag,Awareness / engagement,adgroup,Influencer Pack,,143195,1898,1159.22,USD,1.0,1159.22,0.0,0.0,reported_value,False,,tiktok_ads_v2 (2).xlsx
2026-04-06,TikTok,Cliente_Autos,LEADS AUTOS Q2,leads_autos_q2,Leads Autos Q2,Lead generation,adgroup,tiktok_feed_18_35,,167987,2894,647.67,USD,1.0,647.67,9.0,9.0,reported_value,True,,tiktok_ads_v2 (2).xlsx
2026-04-06,TikTok,Cliente_Autos,Retargeting Sitio,retargeting_sitio,Retargeting Sitio,Retargeting / lead generation,adgroup,Engagement Retg,,188763,3564,1358.86,USD,1.0,1358.86,0.0,0.0,reported_value,True,,tiktok_ads_v2 (2).xlsx
2026-04-06,TikTok,Cliente_Autos,Spark Awareness,spark_awareness,Spark Awareness,Awareness / engagement,adgroup,TopFeed CPM,,148043,2276,1011.88,USD,1.0,1011.88,5.0,5.0,reported_value,False,,tiktok_ads_v2 (2).xlsx
2026-04-07,DV360,Automotriz_GT,awareness_marca,awareness_marca,Awareness Marca,Awareness,line_item,LI - Desktop Display,IO Display Q2,342197,1807,1735.34,GTQ,7.8,222.47948717948717,,0.0,missing_treated_as_zero,False,missing_conversions_treated_as_zero,dv360_v2 (2).xlsx
2026-04-07,DV360,Automotriz_GT,programmatic_lead,programmatic_lead,Programmatic Lead,Lead generation,line_item,LI - Display Lead,IO_Leads_Perf,289528,1973,1042.68,GTQ,7.8,133.6769230769231,,0.0,missing_treated_as_zero,True,missing_conversions_treated_as_zero;duplicate_natural_grain,dv360_v2 (2).xlsx
2026-04-07,DV360,Automotriz_GT,programmatic_lead,programmatic_lead,Programmatic Lead,Lead generation,line_item,LI - Display Lead,IO_Leads_Perf,289528,2039,1343.14,GTQ,7.8,172.19743589743592,,0.0,missing_treated_as_zero,True,missing_conversions_treated_as_zero;duplicate_natural_grain,dv360_v2 (2).xlsx
2026-04-07,DV360,Automotriz_GT,video_reach,video_reach,Video Reach,Awareness / reach,line_item,LI - Bumper,IO - Video Awareness,228117,1067,2897.88,GTQ,7.8,371.5230769230769,,0.0,missing_treated_as_zero,False,missing_conversions_treated_as_zero,dv360_v2 (2).xlsx
2026-04-07,Meta,Cliente_Autos,Awareness Marca,awareness_marca,Awareness Marca,Awareness,adset,Broad 18-35,,21860,271,145.79,USD,1.0,145.79,1.0,1.0,reported_value,False,,meta_ads_v2 (2).xlsx
2026-04-07,Meta,Cliente_Autos,Lead Concesionario,lead_concesionario,Lead Concesionario,Lead generation,adset,Geo Ciudad,,36007,226,102.09,USD,1.0,102.09,21.0,21.0,reported_value,True,,meta_ads_v2 (2).xlsx
2026-04-07,Meta,Cliente_Autos,Leads Autos Q2,leads_autos_q2,Leads Autos Q2,Lead generation,adset,LAL Compradores,,22828,603,1328.78,USD,1.0,1328.78,10.0,10.0,reported_value,True,,meta_ads_v2 (2).xlsx
2026-04-07,Meta,Cliente_Autos,Retargeting-Sitio,retargeting_sitio,Retargeting Sitio,Retargeting / lead generation,adset,visita_7d,,104994,3025,329.54,USD,1.0,329.54,19.0,19.0,reported_value,True,,meta_ads_v2 (2).xlsx
2026-04-07,TikTok,Cliente_Autos,Brand-Hashtag,brand_hashtag,Brand Hashtag,Awareness / engagement,adgroup,Challenge Org,,211360,2843,527.57,USD,1.0,527.57,10.0,10.0,reported_value,False,,tiktok_ads_v2 (2).xlsx
2026-04-07,TikTok,Cliente_Autos,LEADS AUTOS Q2,leads_autos_q2,Leads Autos Q2,Lead generation,adgroup,TopView Lead,,103215,1110,387.11,USD,1.0,387.11,3.0,3.0,reported_value,True,,tiktok_ads_v2 (2).xlsx
2026-04-07,TikTok,Cliente_Autos,Retargeting_Sitio,retargeting_sitio,Retargeting Sitio,Retargeting / lead generation,adgroup,Engagement Retg,,184401,3599,535.08,USD,1.0,535.08,1.0,1.0,reported_value,True,,tiktok_ads_v2 (2).xlsx
2026-04-07,TikTok,Cliente_Autos,Spark Awareness,spark_awareness,Spark Awareness,Awareness / engagement,adgroup,Spark Boosted,,211226,840,330.41,USD,1.0,330.41,4.0,4.0,reported_value,False,,tiktok_ads_v2 (2).xlsx
2026-04-08,DV360,Automotriz_GT,Awareness-Marca,awareness_marca,Awareness Marca,Awareness,line_item,LI - Mobile Display,IO Display Q2,173974,428,7735.18,GTQ,7.8,991.6897435897437,,0.0,missing_treated_as_zero,False,missing_conversions_treated_as_zero;duplicate_natural_grain,dv360_v2 (2).xlsx
2026-04-08,DV360,Automotriz_GT,Awareness-Marca,awareness_marca,Awareness Marca,Awareness,line_item,LI - Mobile Display,IO Display Q2,173974,568,6079.71,GTQ,7.8,779.45,,0.0,missing_treated_as_zero,False,missing_conversions_treated_as_zero;duplicate_natural_grain,dv360_v2 (2).xlsx
2026-04-08,DV360,Automotriz_GT,programmatic_lead,programmatic_lead,Programmatic Lead,Lead generation,line_item,LI_Gmail,IO Leads Q2,208406,790,4867.54,GTQ,7.8,624.0435897435898,5.0,5.0,reported_value,True,,dv360_v2 (2).xlsx
2026-04-08,DV360,Automotriz_GT,Video Reach,video_reach,Video Reach,Awareness / reach,line_item,LI - Bumper,IO Video Q2,197216,1640,4954.72,GTQ,7.8,635.2205128205129,,0.0,missing_treated_as_zero,False,missing_conversions_treated_as_zero,dv360_v2 (2).xlsx
2026-04-08,Meta,Cliente_Autos,awareness_marca,awareness_marca,Awareness Marca,Awareness,adset,Video Viewers,,13944,246,514.67,USD,1.0,514.67,6.0,6.0,reported_value,False,,meta_ads_v2 (2).xlsx
2026-04-08,Meta,Cliente_Autos,Lead Concesionario,lead_concesionario,Lead Concesionario,Lead generation,adset,Radio 30km,,42509,838,1231.81,USD,1.0,1231.81,4.0,4.0,reported_value,True,,meta_ads_v2 (2).xlsx
2026-04-08,Meta,Cliente_Autos,Leads Autos Q2,leads_autos_q2,Leads Autos Q2,Lead generation,adset,Prospecting 25-44,,100811,3609,825.2,USD,1.0,825.2,30.0,30.0,reported_value,True,,meta_ads_v2 (2).xlsx
2026-04-08,Meta,Cliente_Autos,Retargeting-Sitio,retargeting_sitio,Retargeting Sitio,Retargeting / lead generation,adset,Visita 7d,,92374,1723,627.6,USD,1.0,627.6,29.0,29.0,reported_value,True,,meta_ads_v2 (2).xlsx
2026-04-09,DV360,Automotriz_GT,awareness_marca,awareness_marca,Awareness Marca,Awareness,line_item,LI - Mobile Display,IO - Display Branding,291594,1241,3048.11,GTQ,7.8,390.78333333333336,,0.0,missing_treated_as_zero,False,missing_conversions_treated_as_zero,dv360_v2 (2).xlsx
2026-04-09,DV360,Automotriz_GT,Prog. Lead,prog_lead,Programmatic Lead,Lead generation,line_item,LI - Display Lead,IO - Leads Performance,97123,232,2633.91,GTQ,7.8,337.6807692307692,,0.0,missing_treated_as_zero,True,missing_conversions_treated_as_zero,dv360_v2 (2).xlsx
2026-04-09,DV360,Automotriz_GT,Video Reach,video_reach,Video Reach,Awareness / reach,line_item,LI - Bumper,IO Video Q2,349026,760,3135.66,GTQ,7.8,402.0076923076923,,0.0,missing_treated_as_zero,False,missing_conversions_treated_as_zero,dv360_v2 (2).xlsx
2026-04-09,Meta,Cliente_Autos,Awareness Marca,awareness_marca,Awareness Marca,Awareness,adset,Broad 18-35,,26289,274,351.72,USD,1.0,351.72,3.0,3.0,reported_value,False,,meta_ads_v2 (2).xlsx
2026-04-09,Meta,Cliente_Autos,Lead Concesionario,lead_concesionario,Lead Concesionario,Lead generation,adset,Radio 30km,,82569,1668,1291.98,USD,1.0,1291.98,33.0,33.0,reported_value,True,,meta_ads_v2 (2).xlsx
2026-04-09,Meta,Cliente_Autos,Leads Autos Q2,leads_autos_q2,Leads Autos Q2,Lead generation,adset,Lookalike 1%,,18224,646,1197.25,USD,1.0,1197.25,10.0,10.0,reported_value,True,,meta_ads_v2 (2).xlsx
2026-04-09,Meta,Cliente_Autos,Retargeting-Sitio,retargeting_sitio,Retargeting Sitio,Retargeting / lead generation,adset,visita_7d,,55672,226,583.17,USD,1.0,583.17,29.0,29.0,reported_value,True,,meta_ads_v2 (2).xlsx
2026-04-10,DV360,Automotriz_GT,Awareness-Marca,awareness_marca,Awareness Marca,Awareness,line_item,LI - Mobile Display,IO-Display-Branding,47907,225,4993.45,GTQ,7.8,640.1858974358975,,0.0,missing_treated_as_zero,False,missing_conversions_treated_as_zero,dv360_v2 (2).xlsx
2026-04-10,DV360,Automotriz_GT,programmatic_lead,programmatic_lead,Programmatic Lead,Lead generation,line_item,LI - Display Lead,IO_Leads_Perf,304975,961,6786.7,GTQ,7.8,870.0897435897435,,0.0,missing_treated_as_zero,True,missing_conversions_treated_as_zero,dv360_v2 (2).xlsx
2026-04-10,DV360,Automotriz_GT,video_reach,video_reach,Video Reach,Awareness / reach,line_item,LI - Bumper,IO - Video Awareness,225211,1244,3395.7,GTQ,7.8,435.3461538461538,,0.0,missing_treated_as_zero,False,missing_conversions_treated_as_zero,dv360_v2 (2).xlsx
2026-04-10,Meta,Cliente_Autos,Awareness Marca,awareness_marca,Awareness Marca,Awareness,adset,Broad 18-35,,37285,485,235.38,USD,1.0,235.38,41.0,41.0,reported_value,False,,meta_ads_v2 (2).xlsx
2026-04-10,Meta,Cliente_Autos,lead_concesionario,lead_concesionario,Lead Concesionario,Lead generation,adset,Radio 30km,,66068,1659,814.41,USD,1.0,814.41,6.0,6.0,reported_value,True,,meta_ads_v2 (2).xlsx
2026-04-10,Meta,Cliente_Autos,Leads-Autos-Q2,leads_autos_q2,Leads Autos Q2,Lead generation,adset,Prospecting 25-44,,83992,530,1214.84,USD,1.0,1214.84,25.0,25.0,reported_value,True,,meta_ads_v2 (2).xlsx
2026-04-10,Meta,Cliente_Autos,Retargeting-Sitio,retargeting_sitio,Retargeting Sitio,Retargeting / lead generation,adset,Carrito Abandono,,87183,591,940.88,USD,1.0,940.88,36.0,36.0,reported_value,True,,meta_ads_v2 (2).xlsx
2026-04-10,TikTok,Cliente_Autos,brand_hashtag,brand_hashtag,Brand Hashtag,Awareness / engagement,adgroup,Brand Effect,,42793,655,211.67,USD,1.0,211.67,29.0,29.0,reported_value,False,,tiktok_ads_v2 (2).xlsx
2026-04-10,TikTok,Cliente_Autos,Leads Autos Q2,leads_autos_q2,Leads Autos Q2,Lead generation,adgroup,TopView Lead,,177156,2580,4519.98,USD,1.0,4519.98,5.0,5.0,reported_value,True,,tiktok_ads_v2 (2).xlsx
2026-04-10,TikTok,Cliente_Autos,Retargeting Sitio,retargeting_sitio,Retargeting Sitio,Retargeting / lead generation,adgroup,LAL Pixel 1%,,75892,886,201.87,USD,1.0,201.87,6.0,6.0,reported_value,True,,tiktok_ads_v2 (2).xlsx
2026-04-10,TikTok,Cliente_Autos,Spark-Awareness,spark_awareness,Spark Awareness,Awareness / engagement,adgroup,TopFeed CPM,,214552,41323,485.69,USD,1.0,485.69,29.0,29.0,reported_value,False,,tiktok_ads_v2 (2).xlsx
2026-04-11,DV360,Automotriz_GT,awareness_marca,awareness_marca,Awareness Marca,Awareness,line_item,LI - Mobile Display,IO-Display-Branding,219622,1315,1436.06,GTQ,7.8,184.1102564102564,,0.0,missing_treated_as_zero,False,missing_conversions_treated_as_zero,dv360_v2 (2).xlsx
2026-04-11,DV360,Automotriz_GT,programmatic_lead,programmatic_lead,Programmatic Lead,Lead generation,line_item,LI - Display Lead,IO Leads Q2,254361,464,6445.13,GTQ,7.8,826.298717948718,,0.0,missing_treated_as_zero,True,missing_conversions_treated_as_zero,dv360_v2 (2).xlsx
2026-04-11,DV360,Automotriz_GT,Video-Reach,video_reach,Video Reach,Awareness / reach,line_item,LI_YT_15s,IO Video Q2,148615,665,1305.95,GTQ,7.8,167.42948717948718,,0.0,missing_treated_as_zero,False,missing_conversions_treated_as_zero,dv360_v2 (2).xlsx
2026-04-11,Meta,Cliente_Autos,Awareness-Marca,awareness_marca,Awareness Marca,Awareness,adset,CPM Optim,,26374,349,870.47,USD,1.0,870.47,45.0,45.0,reported_value,False,,meta_ads_v2 (2).xlsx
2026-04-11,Meta,Cliente_Autos,lead_concesionario,lead_concesionario,Lead Concesionario,Lead generation,adset,Geo Ciudad,,38914,1353,1193.78,USD,1.0,1193.78,5.0,5.0,reported_value,True,,meta_ads_v2 (2).xlsx
2026-04-11,Meta,Cliente_Autos,Leads-Autos-Q2,leads_autos_q2,Leads Autos Q2,Lead generation,adset,LAL Compradores,,121247,1492,441.88,USD,1.0,441.88,28.0,28.0,reported_value,True,,meta_ads_v2 (2).xlsx
2026-04-11,Meta,Cliente_Autos,Retargeting Sitio,retargeting_sitio,Retargeting Sitio,Retargeting / lead generation,adset,Engagement 14d,,7025,187,803.17,USD,1.0,803.17,42.0,42.0,reported_value,True,,meta_ads_v2 (2).xlsx
2026-04-11,TikTok,Cliente_Autos,brand_hashtag,brand_hashtag,Brand Hashtag,Awareness / engagement,adgroup,Brand Effect,,194845,1468,5361.76,USD,1.0,5361.76,27.0,27.0,reported_value,False,,tiktok_ads_v2 (2).xlsx
2026-04-11,TikTok,Cliente_Autos,LEADS AUTOS Q2,leads_autos_q2,Leads Autos Q2,Lead generation,adgroup,Spark Ads Lead,,50953,585,558.56,USD,1.0,558.56,10.0,10.0,reported_value,True,,tiktok_ads_v2 (2).xlsx
2026-04-11,TikTok,Cliente_Autos,Retargeting Sitio,retargeting_sitio,Retargeting Sitio,Retargeting / lead generation,adgroup,Engagement Retg,,185982,3357,4755.73,USD,1.0,4755.73,4.0,4.0,reported_value,True,,tiktok_ads_v2 (2).xlsx
2026-04-11,TikTok,Cliente_Autos,Spark Awareness,spark_awareness,Spark Awareness,Awareness / engagement,adgroup,TopFeed CPM,,38138,495,529.77,USD,1.0,529.77,23.0,23.0,reported_value,False,,tiktok_ads_v2 (2).xlsx
2026-04-12,DV360,Automotriz_GT,awareness_marca,awareness_marca,Awareness Marca,Awareness,line_item,LI - Desktop Display,IO-Display-Branding,101571,227,2578.65,GTQ,7.8,330.59615384615387,,0.0,missing_treated_as_zero,False,missing_conversions_treated_as_zero,dv360_v2 (2).xlsx
2026-04-12,DV360,Automotriz_GT,programmatic_lead,programmatic_lead,Programmatic Lead,Lead generation,line_item,LI - Display Lead,IO - Leads Performance,66537,77,2137.06,GTQ,7.8,273.98205128205126,,0.0,missing_treated_as_zero,True,missing_conversions_treated_as_zero,dv360_v2 (2).xlsx
2026-04-12,DV360,Automotriz_GT,video_reach,video_reach,Video Reach,Awareness / reach,line_item,LI - YouTube 15s,IO Video Q2,149591,555,1096.05,GTQ,7.8,140.51923076923077,,0.0,missing_treated_as_zero,False,missing_conversions_treated_as_zero,dv360_v2 (2).xlsx
2026-04-12,Meta,Cliente_Autos,Awareness-Marca,awareness_marca,Awareness Marca,Awareness,adset,Video Viewers,,33535,911,953.69,USD,1.0,953.69,22.0,22.0,reported_value,False,,meta_ads_v2 (2).xlsx
2026-04-12,Meta,Cliente_Autos,lead_concesionario,lead_concesionario,Lead Concesionario,Lead generation,adset,Geo Ciudad,,127341,34176,1218.57,USD,1.0,1218.57,11.0,11.0,reported_value,True,,meta_ads_v2 (2).xlsx
2026-04-12,Meta,Cliente_Autos,Leads-Autos-Q2,leads_autos_q2,Leads Autos Q2,Lead generation,adset,Lookalike 1%,,89507,3339,2612.87,USD,1.0,2612.87,28.0,28.0,reported_value,True,,meta_ads_v2 (2).xlsx
2026-04-12,Meta,Cliente_Autos,Retargeting Sitio,retargeting_sitio,Retargeting Sitio,Retargeting / lead generation,adset,Carrito Abandono,,77511,404,554.75,USD,1.0,554.75,35.0,35.0,reported_value,True,,meta_ads_v2 (2).xlsx
2026-04-12,TikTok,Cliente_Autos,brand_hashtag,brand_hashtag,Brand Hashtag,Awareness / engagement,adgroup,Influencer Pack,,95010,1416,3671.05,USD,1.0,3671.05,15.0,15.0,reported_value,False,,tiktok_ads_v2 (2).xlsx
2026-04-12,TikTok,Cliente_Autos,leads-autos-q2,leads_autos_q2,Leads Autos Q2,Lead generation,adgroup,TopView Lead,,216872,4644,405.49,USD,1.0,405.49,22.0,22.0,reported_value,True,,tiktok_ads_v2 (2).xlsx
2026-04-12,TikTok,Cliente_Autos,Retargeting_Sitio,retargeting_sitio,Retargeting Sitio,Retargeting / lead generation,adgroup,LAL Pixel 1%,,207760,980,1077.25,USD,1.0,1077.25,24.0,24.0,reported_value,True,,tiktok_ads_v2 (2).xlsx
2026-04-12,TikTok,Cliente_Autos,spark_awareness,spark_awareness,Spark Awareness,Awareness / engagement,adgroup,Creator Collab,,19588,75,885.95,USD,1.0,885.95,9.0,9.0,reported_value,False,,tiktok_ads_v2 (2).xlsx
2026-04-13,DV360,Automotriz_GT,Awareness Marca,awareness_marca,Awareness Marca,Awareness,line_item,LI - Desktop Display,IO Display Q2,295205,1823,6411.26,GTQ,7.8,821.9564102564103,,0.0,missing_treated_as_zero,False,missing_conversions_treated_as_zero,dv360_v2 (2).xlsx
2026-04-13,DV360,Automotriz_GT,Programmatic Lead,programmatic_lead,Programmatic Lead,Lead generation,line_item,LI_Gmail,IO_Leads_Perf,299456,2926,1219.61,GTQ,7.8,156.3602564102564,,0.0,missing_treated_as_zero,True,missing_conversions_treated_as_zero,dv360_v2 (2).xlsx
2026-04-13,DV360,Automotriz_GT,Video-Reach,video_reach,Video Reach,Awareness / reach,line_item,LI - YouTube 15s,IO Video Q2,47824,321,8154.08,GTQ,7.8,1045.3948717948717,,0.0,missing_treated_as_zero,False,missing_conversions_treated_as_zero,dv360_v2 (2).xlsx
2026-04-13,Meta,Cliente_Autos,Awareness-Marca,awareness_marca,Awareness Marca,Awareness,adset,broad_18_35,,90080,25694,970.55,USD,1.0,970.55,34.0,34.0,reported_value,False,,meta_ads_v2 (2).xlsx
2026-04-13,Meta,Cliente_Autos,Lead-Concesionario,lead_concesionario,Lead Concesionario,Lead generation,adset,Geo Ciudad,,11014,84,642.32,USD,1.0,642.32,20.0,20.0,reported_value,True,duplicate_natural_grain,meta_ads_v2 (2).xlsx
2026-04-13,Meta,Cliente_Autos,Lead-Concesionario,lead_concesionario,Lead Concesionario,Lead generation,adset,Geo Ciudad,,11014,100,633.33,USD,1.0,633.33,20.0,20.0,reported_value,True,duplicate_natural_grain,meta_ads_v2 (2).xlsx
2026-04-13,Meta,Cliente_Autos,leads_autos_q2,leads_autos_q2,Leads Autos Q2,Lead generation,adset,Intereses Autos,,40970,385,999.71,USD,1.0,999.71,24.0,24.0,reported_value,True,,meta_ads_v2 (2).xlsx
2026-04-13,Meta,Cliente_Autos,retargeting_sitio,retargeting_sitio,Retargeting Sitio,Retargeting / lead generation,adset,Carrito Abandono,,46001,1467,1154.5,USD,1.0,1154.5,0.0,0.0,reported_value,True,,meta_ads_v2 (2).xlsx
2026-04-13,TikTok,Cliente_Autos,Brand Hashtag,brand_hashtag,Brand Hashtag,Awareness / engagement,adgroup,Challenge Org,,132887,2009,1382.78,USD,1.0,1382.78,0.0,0.0,reported_value,False,,tiktok_ads_v2 (2).xlsx
2026-04-13,TikTok,Cliente_Autos,Leads Autos Q2,leads_autos_q2,Leads Autos Q2,Lead generation,adgroup,Spark Ads Lead,,56560,357,689.97,USD,1.0,689.97,12.0,12.0,reported_value,True,,tiktok_ads_v2 (2).xlsx
2026-04-13,TikTok,Cliente_Autos,retargeting sitio,retargeting_sitio,Retargeting Sitio,Retargeting / lead generation,adgroup,pixel_audience_7d,,127796,2678,1087.03,USD,1.0,1087.03,9.0,9.0,reported_value,True,,tiktok_ads_v2 (2).xlsx
2026-04-13,TikTok,Cliente_Autos,spark_awareness,spark_awareness,Spark Awareness,Awareness / engagement,adgroup,Spark Boosted,,112845,2168,161.99,USD,1.0,161.99,12.0,12.0,reported_value,False,,tiktok_ads_v2 (2).xlsx
2026-04-14,DV360,Automotriz_GT,Awareness Marca,awareness_marca,Awareness Marca,Awareness,line_item,LI_Desktop,IO Display Q2,330084,2514,2861.62,GTQ,7.8,366.874358974359,,0.0,missing_treated_as_zero,False,missing_conversions_treated_as_zero,dv360_v2 (2).xlsx
2026-04-14,DV360,Automotriz_GT,programmatic_lead,programmatic_lead,Programmatic Lead,Lead generation,line_item,LI - Gmail,IO - Leads Performance,275888,1844,5831.29,GTQ,7.8,747.601282051282,,0.0,missing_treated_as_zero,True,missing_conversions_treated_as_zero,dv360_v2 (2).xlsx
2026-04-14,DV360,Automotriz_GT,video_reach,video_reach,Video Reach,Awareness / reach,line_item,LI - YouTube 15s,IO_Video_Aware,129579,1162,2756.69,GTQ,7.8,353.4217948717949,,0.0,missing_treated_as_zero,False,missing_conversions_treated_as_zero,dv360_v2 (2).xlsx
2026-04-14,Meta,Cliente_Autos,awareness_marca,awareness_marca,Awareness Marca,Awareness,adset,Video Viewers,,46538,1241,497.09,USD,1.0,497.09,44.0,44.0,reported_value,False,,meta_ads_v2 (2).xlsx
2026-04-14,Meta,Cliente_Autos,Lead-Concesionario,lead_concesionario,Lead Concesionario,Lead generation,adset,radio_30km,,86676,2023,604.14,USD,1.0,604.14,0.0,0.0,reported_value,True,,meta_ads_v2 (2).xlsx
2026-04-14,Meta,Cliente_Autos,Leads-Autos-Q2,leads_autos_q2,Leads Autos Q2,Lead generation,adset,Lookalike 1%,,39386,216,644.32,USD,1.0,644.32,33.0,33.0,reported_value,True,,meta_ads_v2 (2).xlsx
2026-04-14,Meta,Cliente_Autos,retargeting_sitio,retargeting_sitio,Retargeting Sitio,Retargeting / lead generation,adset,Engagement 14d,,53739,1002,1331.49,USD,1.0,1331.49,21.0,21.0,reported_value,True,,meta_ads_v2 (2).xlsx
2026-04-14,TikTok,Cliente_Autos,Brand-Hashtag,brand_hashtag,Brand Hashtag,Awareness / engagement,adgroup,Influencer Pack,,87024,1543,291.62,USD,1.0,291.62,25.0,25.0,reported_value,False,,tiktok_ads_v2 (2).xlsx
2026-04-14,TikTok,Cliente_Autos,leads-autos-q2,leads_autos_q2,Leads Autos Q2,Lead generation,adgroup,TopView Lead,,184550,1941,58.5,USD,1.0,58.5,27.0,27.0,reported_value,True,,tiktok_ads_v2 (2).xlsx
2026-04-14,TikTok,Cliente_Autos,Retargeting_Sitio,retargeting_sitio,Retargeting Sitio,Retargeting / lead generation,adgroup,pixel_audience_7d,,176691,856,708.83,USD,1.0,708.83,1.0,1.0,reported_value,True,,tiktok_ads_v2 (2).xlsx
2026-04-14,TikTok,Cliente_Autos,spark_awareness,spark_awareness,Spark Awareness,Awareness / engagement,adgroup,spark_boosted,,35627,722,393.06,USD,1.0,393.06,13.0,13.0,reported_value,False,,tiktok_ads_v2 (2).xlsx
2026-04-15,DV360,Automotriz_GT,awareness_marca,awareness_marca,Awareness Marca,Awareness,line_item,LI_Desktop,IO-Display-Branding,125193,447,6145.26,GTQ,7.8,787.8538461538462,,0.0,missing_treated_as_zero,False,missing_conversions_treated_as_zero,dv360_v2 (2).xlsx
2026-04-15,DV360,Automotriz_GT,Prog. Lead,prog_lead,Programmatic Lead,Lead generation,line_item,LI - Gmail,IO_Leads_Perf,255548,2313,3197.2,GTQ,7.8,409.89743589743586,,0.0,missing_treated_as_zero,True,missing_conversions_treated_as_zero,dv360_v2 (2).xlsx
2026-04-15,DV360,Automotriz_GT,video_reach,video_reach,Video Reach,Awareness / reach,line_item,LI_YT_15s,IO Video Q2,247560,667,3968.75,GTQ,7.8,508.8141025641026,,0.0,missing_treated_as_zero,False,missing_conversions_treated_as_zero;duplicate_natural_grain,dv360_v2 (2).xlsx
2026-04-15,DV360,Automotriz_GT,video_reach,video_reach,Video Reach,Awareness / reach,line_item,LI_YT_15s,IO Video Q2,247560,423,4535.21,GTQ,7.8,581.4371794871795,,0.0,missing_treated_as_zero,False,missing_conversions_treated_as_zero;duplicate_natural_grain,dv360_v2 (2).xlsx
2026-04-15,Meta,Cliente_Autos,awareness_marca,awareness_marca,Awareness Marca,Awareness,adset,CPM Optim,,111717,1203,92.73,USD,1.0,92.73,15.0,15.0,reported_value,False,,meta_ads_v2 (2).xlsx
2026-04-15,Meta,Cliente_Autos,Lead-Concesionario,lead_concesionario,Lead Concesionario,Lead generation,adset,Radio 30km,,122147,3104,320.54,USD,1.0,320.54,44.0,44.0,reported_value,True,,meta_ads_v2 (2).xlsx
2026-04-15,Meta,Cliente_Autos,Leads Autos Q2,leads_autos_q2,Leads Autos Q2,Lead generation,adset,Prospecting 25-44,,66946,1273,965.34,USD,1.0,965.34,32.0,32.0,reported_value,True,,meta_ads_v2 (2).xlsx
2026-04-15,Meta,Cliente_Autos,retargeting_sitio,retargeting_sitio,Retargeting Sitio,Retargeting / lead generation,adset,Visita 30d,,43196,929,908.14,USD,1.0,908.14,21.0,21.0,reported_value,True,,meta_ads_v2 (2).xlsx
2026-04-15,TikTok,Cliente_Autos,Brand-Hashtag,brand_hashtag,Brand Hashtag,Awareness / engagement,adgroup,challenge_org,,31739,180,1064.83,USD,1.0,1064.83,27.0,27.0,reported_value,False,,tiktok_ads_v2 (2).xlsx
2026-04-15,TikTok,Cliente_Autos,Leads Autos Q2,leads_autos_q2,Leads Autos Q2,Lead generation,adgroup,TopView Lead,,55134,434,915.92,USD,1.0,915.92,15.0,15.0,reported_value,True,,tiktok_ads_v2 (2).xlsx
2026-04-15,TikTok,Cliente_Autos,retargeting sitio,retargeting_sitio,Retargeting Sitio,Retargeting / lead generation,adgroup,Engagement Retg,,35672,642,64.61,USD,1.0,64.61,17.0,17.0,reported_value,True,,tiktok_ads_v2 (2).xlsx
2026-04-15,TikTok,Cliente_Autos,spark_awareness,spark_awareness,Spark Awareness,Awareness / engagement,adgroup,Creator Collab,,179391,3743,163.76,USD,1.0,163.76,7.0,7.0,reported_value,False,,tiktok_ads_v2 (2).xlsx
2026-04-16,DV360,Automotriz_GT,Awareness-Marca,awareness_marca,Awareness Marca,Awareness,line_item,LI_Desktop,IO-Display-Branding,185692,930,5249.51,GTQ,7.8,673.0141025641026,,0.0,missing_treated_as_zero,False,missing_conversions_treated_as_zero,dv360_v2 (2).xlsx
2026-04-16,DV360,Automotriz_GT,Prog. Lead,prog_lead,Programmatic Lead,Lead generation,line_item,LI - Discovery,IO Leads Q2,168946,1141,5707.16,GTQ,7.8,731.6871794871795,,0.0,missing_treated_as_zero,True,missing_conversions_treated_as_zero,dv360_v2 (2).xlsx
2026-04-16,DV360,Automotriz_GT,Video-Reach,video_reach,Video Reach,Awareness / reach,line_item,LI_YT_15s,IO_Video_Aware,41326,94,4566.95,GTQ,7.8,585.5064102564103,,0.0,missing_treated_as_zero,False,missing_conversions_treated_as_zero,dv360_v2 (2).xlsx
2026-04-16,Meta,Cliente_Autos,Awareness-Marca,awareness_marca,Awareness Marca,Awareness,adset,CPM Optim,,47588,1727,1254.51,USD,1.0,1254.51,39.0,39.0,reported_value,False,,meta_ads_v2 (2).xlsx
2026-04-16,Meta,Cliente_Autos,Lead-Concesionario,lead_concesionario,Lead Concesionario,Lead generation,adset,In-Market Autos,,123598,1163,1214.4,USD,1.0,1214.4,28.0,28.0,reported_value,True,,meta_ads_v2 (2).xlsx
2026-04-16,Meta,Cliente_Autos,Leads-Autos-Q2,leads_autos_q2,Leads Autos Q2,Lead generation,adset,LAL Compradores,,123002,4802,1275.13,USD,1.0,1275.13,6.0,6.0,reported_value,True,duplicate_natural_grain,meta_ads_v2 (2).xlsx
2026-04-16,Meta,Cliente_Autos,Leads-Autos-Q2,leads_autos_q2,Leads Autos Q2,Lead generation,adset,LAL Compradores,,123002,3632,1091.86,USD,1.0,1091.86,6.0,6.0,reported_value,True,duplicate_natural_grain,meta_ads_v2 (2).xlsx
2026-04-16,Meta,Cliente_Autos,Retargeting-Sitio,retargeting_sitio,Retargeting Sitio,Retargeting / lead generation,adset,Engagement 14d,,66889,381,393.93,USD,1.0,393.93,7.0,7.0,reported_value,True,,meta_ads_v2 (2).xlsx
2026-04-16,TikTok,Cliente_Autos,Brand-Hashtag,brand_hashtag,Brand Hashtag,Awareness / engagement,adgroup,Brand Effect,,91787,2012,171.93,USD,1.0,171.93,7.0,7.0,reported_value,False,,tiktok_ads_v2 (2).xlsx
2026-04-16,TikTok,Cliente_Autos,Leads Autos Q2,leads_autos_q2,Leads Autos Q2,Lead generation,adgroup,TikTok Feed 18-35,,181778,763,915.05,USD,1.0,915.05,29.0,29.0,reported_value,True,,tiktok_ads_v2 (2).xlsx
2026-04-16,TikTok,Cliente_Autos,retargeting sitio,retargeting_sitio,Retargeting Sitio,Retargeting / lead generation,adgroup,Pixel 14d,,165967,2838,212.25,USD,1.0,212.25,13.0,13.0,reported_value,True,,tiktok_ads_v2 (2).xlsx
2026-04-16,TikTok,Cliente_Autos,spark_awareness,spark_awareness,Spark Awareness,Awareness / engagement,adgroup,spark_boosted,,192952,1937,515.55,USD,1.0,515.55,30.0,30.0,reported_value,False,duplicate_natural_grain,tiktok_ads_v2 (2).xlsx
2026-04-16,TikTok,Cliente_Autos,spark_awareness,spark_awareness,Spark Awareness,Awareness / engagement,adgroup,spark_boosted,,192952,2232,416.85,USD,1.0,416.85,30.0,30.0,reported_value,False,duplicate_natural_grain,tiktok_ads_v2 (2).xlsx
2026-04-17,DV360,Automotriz_GT,awareness_marca,awareness_marca,Awareness Marca,Awareness,line_item,LI - Mobile Display,IO - Display Branding,225725,2154,1000.79,GTQ,7.8,128.30641025641026,,0.0,missing_treated_as_zero,False,missing_conversions_treated_as_zero,dv360_v2 (2).xlsx
2026-04-17,DV360,Automotriz_GT,Prog. Lead,prog_lead,Programmatic Lead,Lead generation,line_item,LI - Gmail,IO_Leads_Perf,302589,29,2749.19,GTQ,7.8,352.4602564102564,,0.0,missing_treated_as_zero,True,missing_conversions_treated_as_zero,dv360_v2 (2).xlsx
2026-04-17,DV360,Automotriz_GT,video_reach,video_reach,Video Reach,Awareness / reach,line_item,LI - YouTube 15s,IO - Video Awareness,162246,1293,5165.03,GTQ,7.8,662.1833333333333,4.0,4.0,reported_value,False,,dv360_v2 (2).xlsx
2026-04-17,Meta,Cliente_Autos,Awareness-Marca,awareness_marca,Awareness Marca,Awareness,adset,CPM Optim,,60496,370,1176.07,USD,1.0,1176.07,24.0,24.0,reported_value,False,,meta_ads_v2 (2).xlsx
2026-04-17,Meta,Cliente_Autos,Lead-Concesionario,lead_concesionario,Lead Concesionario,Lead generation,adset,Geo Ciudad,,68518,287,531.36,USD,1.0,531.36,24.0,24.0,reported_value,True,,meta_ads_v2 (2).xlsx
2026-04-17,Meta,Cliente_Autos,Leads-Autos-Q2,leads_autos_q2,Leads Autos Q2,Lead generation,adset,Prospecting 25-44,,88149,1069,649.43,USD,1.0,649.43,45.0,45.0,reported_value,True,,meta_ads_v2 (2).xlsx
2026-04-17,Meta,Cliente_Autos,Retargeting-Sitio,retargeting_sitio,Retargeting Sitio,Retargeting / lead generation,adset,visita_7d,,24136,220,573.27,USD,1.0,573.27,9.0,9.0,reported_value,True,,meta_ads_v2 (2).xlsx
2026-04-17,TikTok,Cliente_Autos,Brand-Hashtag,brand_hashtag,Brand Hashtag,Awareness / engagement,adgroup,Influencer Pack,,25258,453,305.75,USD,1.0,305.75,4.0,4.0,reported_value,False,,tiktok_ads_v2 (2).xlsx
2026-04-17,TikTok,Cliente_Autos,Leads Autos Q2,leads_autos_q2,Leads Autos Q2,Lead generation,adgroup,TikTok Feed 18-35,,27872,294,249.3,USD,1.0,249.3,3.0,3.0,reported_value,True,,tiktok_ads_v2 (2).xlsx
2026-04-17,TikTok,Cliente_Autos,retargeting sitio,retargeting_sitio,Retargeting Sitio,Retargeting / lead generation,adgroup,pixel_audience_7d,,165716,1177,963.18,USD,1.0,963.18,10.0,10.0,reported_value,True,,tiktok_ads_v2 (2).xlsx
2026-04-17,TikTok,Cliente_Autos,Spark Awareness,spark_awareness,Spark Awareness,Awareness / engagement,adgroup,spark_boosted,,46076,611,3537.15,USD,1.0,3537.15,3.0,3.0,reported_value,False,,tiktok_ads_v2 (2).xlsx
2026-04-18,Meta,Cliente_Autos,awareness_marca,awareness_marca,Awareness Marca,Awareness,adset,broad_18_35,,17003,439,241.84,USD,1.0,241.84,29.0,29.0,reported_value,False,,meta_ads_v2 (2).xlsx
2026-04-18,Meta,Cliente_Autos,lead_concesionario,lead_concesionario,Lead Concesionario,Lead generation,adset,Geo Ciudad,,50236,1501,3309.13,USD,1.0,3309.13,26.0,26.0,reported_value,True,duplicate_natural_grain,meta_ads_v2 (2).xlsx
2026-04-18,Meta,Cliente_Autos,lead_concesionario,lead_concesionario,Lead Concesionario,Lead generation,adset,Geo Ciudad,,50236,2153,3193.86,USD,1.0,3193.86,26.0,26.0,reported_value,True,duplicate_natural_grain,meta_ads_v2 (2).xlsx
2026-04-18,Meta,Cliente_Autos,Leads-Autos-Q2,leads_autos_q2,Leads Autos Q2,Lead generation,adset,Lookalike 1%,,69993,802,644.02,USD,1.0,644.02,1.0,1.0,reported_value,True,,meta_ads_v2 (2).xlsx
2026-04-18,Meta,Cliente_Autos,Retargeting-Sitio,retargeting_sitio,Retargeting Sitio,Retargeting / lead generation,adset,Visita 7d,,116166,2310,231.02,USD,1.0,231.02,39.0,39.0,reported_value,True,,meta_ads_v2 (2).xlsx
2026-04-18,TikTok,Cliente_Autos,Brand-Hashtag,brand_hashtag,Brand Hashtag,Awareness / engagement,adgroup,challenge_org,,146542,2092,5458.07,USD,1.0,5458.07,7.0,7.0,reported_value,False,,tiktok_ads_v2 (2).xlsx
2026-04-18,TikTok,Cliente_Autos,LEADS AUTOS Q2,leads_autos_q2,Leads Autos Q2,Lead generation,adgroup,tiktok_feed_18_35,,16136,101,105.02,USD,1.0,105.02,23.0,23.0,reported_value,True,,tiktok_ads_v2 (2).xlsx
2026-04-18,TikTok,Cliente_Autos,Retargeting_Sitio,retargeting_sitio,Retargeting Sitio,Retargeting / lead generation,adgroup,Engagement Retg,,132073,2010,82.71,USD,1.0,82.71,15.0,15.0,reported_value,True,,tiktok_ads_v2 (2).xlsx
2026-04-18,TikTok,Cliente_Autos,spark_awareness,spark_awareness,Spark Awareness,Awareness / engagement,adgroup,TopFeed CPM,,31265,627,1065.01,USD,1.0,1065.01,0.0,0.0,reported_value,False,,tiktok_ads_v2 (2).xlsx
2026-04-19,DV360,Automotriz_GT,awareness_marca,awareness_marca,Awareness Marca,Awareness,line_item,LI - Tablet,IO Display Q2,96160,834,3602.66,GTQ,7.8,461.87948717948717,,0.0,missing_treated_as_zero,False,missing_conversions_treated_as_zero,dv360_v2 (2).xlsx
2026-04-19,DV360,Automotriz_GT,Prog. Lead,prog_lead,Programmatic Lead,Lead generation,line_item,LI - Discovery,IO Leads Q2,59046,351,2600.25,GTQ,7.8,333.36538461538464,,0.0,missing_treated_as_zero,True,missing_conversions_treated_as_zero,dv360_v2 (2).xlsx
2026-04-19,DV360,Automotriz_GT,Video Reach,video_reach,Video Reach,Awareness / reach,line_item,LI_YT_15s,IO_Video_Aware,214526,1196,1552.45,GTQ,7.8,199.0320512820513,,0.0,missing_treated_as_zero,False,missing_conversions_treated_as_zero,dv360_v2 (2).xlsx
2026-04-19,Meta,Cliente_Autos,Awareness-Marca,awareness_marca,Awareness Marca,Awareness,adset,Broad 18-35,,85415,2105,1062.22,USD,1.0,1062.22,7.0,7.0,reported_value,False,,meta_ads_v2 (2).xlsx
2026-04-19,Meta,Cliente_Autos,Lead-Concesionario,lead_concesionario,Lead Concesionario,Lead generation,adset,Geo Ciudad,,127751,1866,967.65,USD,1.0,967.65,24.0,24.0,reported_value,True,,meta_ads_v2 (2).xlsx
2026-04-19,Meta,Cliente_Autos,Leads Autos Q2,leads_autos_q2,Leads Autos Q2,Lead generation,adset,LAL Compradores,,91215,577,1342.76,USD,1.0,1342.76,2.0,2.0,reported_value,True,,meta_ads_v2 (2).xlsx
2026-04-19,Meta,Cliente_Autos,retargeting_sitio,retargeting_sitio,Retargeting Sitio,Retargeting / lead generation,adset,Visita 30d,,25973,314,694.57,USD,1.0,694.57,7.0,7.0,reported_value,True,,meta_ads_v2 (2).xlsx
2026-04-19,TikTok,Cliente_Autos,brand_hashtag,brand_hashtag,Brand Hashtag,Awareness / engagement,adgroup,Brand Effect,,124740,1444,289.92,USD,1.0,289.92,10.0,10.0,reported_value,False,,tiktok_ads_v2 (2).xlsx
2026-04-19,TikTok,Cliente_Autos,leads-autos-q2,leads_autos_q2,Leads Autos Q2,Lead generation,adgroup,Spark Ads Lead,,168602,2205,526.4,USD,1.0,526.4,19.0,19.0,reported_value,True,,tiktok_ads_v2 (2).xlsx
2026-04-19,TikTok,Cliente_Autos,Retargeting Sitio,retargeting_sitio,Retargeting Sitio,Retargeting / lead generation,adgroup,Pixel 14d,,93926,1468,443.02,USD,1.0,443.02,4.0,4.0,reported_value,True,,tiktok_ads_v2 (2).xlsx
2026-04-19,TikTok,Cliente_Autos,Spark-Awareness,spark_awareness,Spark Awareness,Awareness / engagement,adgroup,spark_boosted,,125213,605,825.74,USD,1.0,825.74,25.0,25.0,reported_value,False,duplicate_natural_grain,tiktok_ads_v2 (2).xlsx
2026-04-19,TikTok,Cliente_Autos,Spark-Awareness,spark_awareness,Spark Awareness,Awareness / engagement,adgroup,spark_boosted,,125213,751,1019.94,USD,1.0,1019.94,25.0,25.0,reported_value,False,duplicate_natural_grain,tiktok_ads_v2 (2).xlsx
2026-04-20,DV360,Automotriz_GT,Awareness-Marca,awareness_marca,Awareness Marca,Awareness,line_item,LI_Desktop,IO Display Q2,270055,2223,4220.21,GTQ,7.8,541.0525641025641,,0.0,missing_treated_as_zero,False,missing_conversions_treated_as_zero,dv360_v2 (2).xlsx
2026-04-20,DV360,Automotriz_GT,programmatic_lead,programmatic_lead,Programmatic Lead,Lead generation,line_item,LI - Display Lead,IO_Leads_Perf,300615,1412,3338.49,GTQ,7.8,428.01153846153846,,0.0,missing_treated_as_zero,True,missing_conversions_treated_as_zero,dv360_v2 (2).xlsx
2026-04-20,DV360,Automotriz_GT,Video-Reach,video_reach,Video Reach,Awareness / reach,line_item,LI - YouTube 15s,IO - Video Awareness,92284,821,5637.63,GTQ,7.8,722.7730769230769,4.0,4.0,reported_value,False,,dv360_v2 (2).xlsx
2026-04-20,Meta,Cliente_Autos,awareness_marca,awareness_marca,Awareness Marca,Awareness,adset,Mujeres 25-45,,89307,3064,676.05,USD,1.0,676.05,9.0,9.0,reported_value,False,,meta_ads_v2 (2).xlsx
2026-04-20,Meta,Cliente_Autos,Lead Concesionario,lead_concesionario,Lead Concesionario,Lead generation,adset,Radio 30km,,111932,3947,1098.02,USD,1.0,1098.02,29.0,29.0,reported_value,True,,meta_ads_v2 (2).xlsx
2026-04-20,Meta,Cliente_Autos,Leads Autos Q2,leads_autos_q2,Leads Autos Q2,Lead generation,adset,Intereses Autos,,19356,536,464.12,USD,1.0,464.12,43.0,43.0,reported_value,True,,meta_ads_v2 (2).xlsx
2026-04-20,Meta,Cliente_Autos,retargeting_sitio,retargeting_sitio,Retargeting Sitio,Retargeting / lead generation,adset,Carrito Abandono,,75827,17471,556.56,USD,1.0,556.56,32.0,32.0,reported_value,True,,meta_ads_v2 (2).xlsx
2026-04-21,DV360,Automotriz_GT,Awareness-Marca,awareness_marca,Awareness Marca,Awareness,line_item,LI - Desktop Display,IO-Display-Branding,296634,705,1820.87,GTQ,7.8,233.44487179487177,,0.0,missing_treated_as_zero,False,missing_conversions_treated_as_zero,dv360_v2 (2).xlsx
2026-04-21,DV360,Automotriz_GT,Programmatic Lead,programmatic_lead,Programmatic Lead,Lead generation,line_item,LI - Discovery,IO Leads Q2,156389,432,6729.38,GTQ,7.8,862.7410256410257,,0.0,missing_treated_as_zero,True,missing_conversions_treated_as_zero,dv360_v2 (2).xlsx
2026-04-21,DV360,Automotriz_GT,Video-Reach,video_reach,Video Reach,Awareness / reach,line_item,LI - YouTube 15s,IO - Video Awareness,335278,3176,1756.0,GTQ,7.8,225.12820512820514,4.0,4.0,reported_value,False,,dv360_v2 (2).xlsx
2026-04-21,TikTok,Cliente_Autos,Brand Hashtag,brand_hashtag,Brand Hashtag,Awareness / engagement,adgroup,challenge_org,,169393,859,215.01,USD,1.0,215.01,16.0,16.0,reported_value,False,duplicate_natural_grain,tiktok_ads_v2 (2).xlsx
2026-04-21,TikTok,Cliente_Autos,Brand Hashtag,brand_hashtag,Brand Hashtag,Awareness / engagement,adgroup,challenge_org,,169393,1513,158.78,USD,1.0,158.78,16.0,16.0,reported_value,False,duplicate_natural_grain,tiktok_ads_v2 (2).xlsx
2026-04-21,TikTok,Cliente_Autos,Leads Autos Q2,leads_autos_q2,Leads Autos Q2,Lead generation,adgroup,tiktok_feed_18_35,,187639,998,421.28,USD,1.0,421.28,21.0,21.0,reported_value,True,,tiktok_ads_v2 (2).xlsx
2026-04-21,TikTok,Cliente_Autos,Retargeting_Sitio,retargeting_sitio,Retargeting Sitio,Retargeting / lead generation,adgroup,Pixel 14d,,157821,1575,850.74,USD,1.0,850.74,18.0,18.0,reported_value,True,,tiktok_ads_v2 (2).xlsx
2026-04-21,TikTok,Cliente_Autos,spark_awareness,spark_awareness,Spark Awareness,Awareness / engagement,adgroup,Spark Boosted,,171644,3544,1063.96,USD,1.0,1063.96,0.0,0.0,reported_value,False,,tiktok_ads_v2 (2).xlsx
